Date,Time,Title,Buy-in Per Player,Platforms,Team Size,Tournament Type (Ex: Single Elimination),Players in Match,Number of Teams Registered,Series Type (Ex: Best of 3),Prize Pool,Profit
"January 9, 2023",11:30 PM,2v2 $50 GTD 1ND *FORTRESS ONLY* SND,$5,"['xbox', 'playstation', 'battle.net']",2,single elimination,2v2,7,Best of 1,$50,
"January 9, 2023",11:20 PM,2v2 CONSOLE 1ND SND,$5,"['xbox', 'playstation', 'battle.net']",2,single elimination,2v2,4,Best of 1,$28,
"January 9, 2023",10:20 PM,1v1 $50 GTD 1ND KILL RACE,$8,"['xbox', 'playstation', 'battle.net']",1,single elimination,1v1,5,Best of 1,$50,
"January 9, 2023",9:22 PM,2v2 $60 GTD 1ND AR/SMG SND,$7.5,"['xbox', 'playstation', 'battle.net']",2,single elimination,2v2,2,Best of 1,$60,
"January 9, 2023",8:22 PM,2v2 $100 GTD 1ND NOV/AM KILL RACE,$8,"['xbox', 'playstation', 'battle.net']",2,single elimination,2v2,8,Best of 1,$100,
"February 5, 2023",1:50 AM,1v1 *SCAR ONLY* 1ND SND,$4,"['xbox', 'playstation', 'battle.net']",1,single elimination,1v1,5,Best of 1,$14,
"February 5, 2023",8:33 AM,2v2 $40 GTD 1ND SND,$5,"['xbox', 'playstation', 'battle.net']",2,single elimination,2v2,4,Best of 1,$40,
"February 5, 2023",8:27 AM,1v1 CONSOLE 1ND SND,$4,"['xbox', 'playstation', 'battle.net']",1,single elimination,1v1,2,Best of 1,$6,
"February 5, 2023",7:55 AM,3v3 1ND *NO PREVIOUS WINNERS* HP,$5,"['xbox', 'playstation', 'battle.net']",3,single elimination,3v3,4,Best of 1,$42,
"February 5, 2023",7:20 AM,3v3 1ND SND *NO SNIPES* SND,$4,"['xbox', 'playstation', 'battle.net']",3,single elimination,3v3,4,Best of 1,$33,
"February 5, 2023",6:50 AM,2v2 CONSOLE 1ND SND,$5,"['xbox', 'playstation', 'battle.net']",2,single elimination,2v2,3,Best of 1,$24,
"February 5, 2023",5:27 AM,3v3 $75 GTD 1ND SND,$7,"['xbox', 'playstation', 'battle.net']",3,single elimination,3v3,3,Best of 1,$75,
"February 5, 2023",4:57 AM,3v3 $100 GTD CONSOLE SND,$10,"['xbox', 'playstation', 'battle.net']",3,single elimination,3v3,3,Best of 3,$99,
"February 5, 2023",4:30 AM,2v2 $50 GTD 1ND *VAZNEZ ONLY* SND,$7,"['xbox', 'playstation', 'battle.net']",2,single elimination,2v2,4,Best of 1,$50,
"February 5, 2023",3:00 AM,2v2 $150 GTD 1ND NOV/AM KILL RACE,$8,"['xbox', 'playstation', 'battle.net']",2,single elimination,2v2,6,Best of 1,$150,
"February 5, 2023",2:53 AM,4v4 *NO ABEZYS* *DOLLAR ENTRY* 1ND HP,$1,"['xbox', 'playstation', 'battle.net']",4,single elimination,4v4,10,Best of 1,$28,
"February 5, 2023",2:33 AM,3v3 $600 CONSOLE PRESTIGE SND,$0,"['xbox', 'playstation', 'battle.net']",3,single elimination,3v3,23,Best of 3,$540,
"February 5, 2023",1:22 AM,3v3 *DOLLAR ENTRY* 1ND SND,$1,"['xbox', 'playstation', 'battle.net']",3,single elimination,3v3,10,Best of 1,$21,
"February 5, 2023",12:55 AM,1v1 $50 GTD 1ND KILL RACE,$8,"['xbox', 'playstation', 'battle.net']",1,single elimination,1v1,4,Best of 1,$50,
"February 4, 2023",5:05 PM,3v3 1ND SND,$5,"['xbox', 'playstation', 'battle.net']",3,single elimination,3v3,4,Best of 1,$42,
"February 4, 2023",11:30 PM,2v2 $100 GTD 1ND KILL RACE,$8,"['xbox', 'playstation', 'battle.net']",2,single elimination,2v2,5,Best of 1,$100,
"February 4, 2023",10:10 PM,2v2 $10 FE 1ND SND,$0,"['xbox', 'playstation', 'battle.net']",2,single elimination,2v2,18,Best of 1,$10,
"February 4, 2023",9:56 PM,1v1 $50 GTD 1ND *NO PREVIOUS WINNERS* KILL RACE,$8,"['xbox', 'playstation', 'battle.net']",1,single elimination,1v1,9,Best of 1,$50,
"February 4, 2023",8:58 PM,1v1 $20 GTD CONSOLE SND,$5,"['xbox', 'playstation', 'battle.net']",1,single elimination,1v1,2,Best of 3,$10,
"February 4, 2023",8:57 PM,2v2 *VAZNEZ ONLY* SND,$4,"['xbox', 'playstation', 'battle.net']",2,single elimination,2v2,5,Best of 3,$28,
"February 4, 2023",12:58 PM,2v2 $50 GTD SND,$7,"['xbox', 'playstation', 'battle.net']",2,single elimination,2v2,2,Best of 3,$50,
"February 4, 2023",11:20 AM,1v1 *SCAR ONLY* SND,$5,"['xbox', 'playstation', 'battle.net']",1,single elimination,1v1,3,Best of 3,$11,
"February 4, 2023",5:25 PM,2v2 AR/SMG SND,$4,"['xbox', 'playstation', 'battle.net']",2,single elimination,2v2,2,Best of 3,$18,
"February 4, 2023",5:00 PM,5v5 VAIL VR CREST LEAGUE TOURNEY,$0,"['xbox', 'playstation', 'battle.net']",5,double elimination,5v5,10,Best of 3,$200,
"February 4, 2023",8:50 AM,1v1 *VAZNEZ ONLY* 1ND SND,$4,"['xbox', 'playstation', 'battle.net']",1,single elimination,1v1,3,Best of 1,$9,
"February 4, 2023",8:25 AM,1v1 CONSOLE 1ND SND,$4,"['xbox', 'playstation', 'battle.net']",1,single elimination,1v1,2,Best of 1,$7,
"February 4, 2023",8:20 AM,2v2 $40 GTD 1ND AR/SMG SND,$5,"['xbox', 'playstation', 'battle.net']",2,single elimination,2v2,4,Best of 1,$40,
"February 4, 2023",7:33 AM,3v3 1ND *NO SNIPES* SND,$4,"['xbox', 'playstation', 'battle.net']",3,single elimination,3v3,2,Best of 1,$30,
"February 4, 2023",6:25 AM,2v2 CONSOLE 1ND SND,$5,"['xbox', 'playstation', 'battle.net']",2,single elimination,2v2,4,Best of 1,$36,
"February 4, 2023",5:33 AM,3v3 $75 GTD 1ND SND,$7,"['xbox', 'playstation', 'battle.net']",3,single elimination,3v3,4,Best of 1,$75,
"February 4, 2023",4:30 AM,2v2 $50 GTD 1ND SND,$6,"['xbox', 'playstation', 'battle.net']",2,single elimination,2v2,6,Best of 1,$50,
"February 4, 2023",3:22 AM,3v3 1ND SND,$4,"['xbox', 'playstation', 'battle.net']",3,single elimination,3v3,7,Best of 1,$57,
"February 4, 2023",2:53 AM,4v4 *NO 2023 VARIANT WINNERS* VARIANT,$6,"['xbox', 'playstation', 'battle.net']",4,single elimination,4v4,6,Best of 3,$100,
"February 4, 2023",2:23 AM,2v2 1ND SND,$4,"['xbox', 'playstation', 'battle.net']",2,single elimination,2v2,5,Best of 1,$28,
"February 4, 2023",1:57 AM,2v2 $64 GTD CONSOLE SND,$8,"['xbox', 'playstation', 'battle.net']",2,single elimination,2v2,4,Best of 3,$64,
"February 4, 2023",1:52 AM,1v1 $50 GTD 1ND NOV/AM KILL RACE,$8,"['xbox', 'playstation', 'battle.net']",1,single elimination,1v1,5,Best of 1,$50,
"February 4, 2023",1:22 AM,3v3 *DOLLAR ENTRY* 1ND SND,$1,"['xbox', 'playstation', 'battle.net']",3,single elimination,3v3,5,Best of 1,$9,
"February 4, 2023",12:25 AM,4v4 NOV/AM HARDPOINT,$5,"['xbox', 'playstation', 'battle.net']",4,single elimination,4v4,3,Best of 3,$44,
"February 3, 2023",11:56 PM,2v2 $100 GTD 1ND NOV/AM KILL RACE,$8,"['xbox', 'playstation', 'battle.net']",2,single elimination,2v2,6,Best of 1,$100,
"February 3, 2023",11:52 PM,3v3 CONSOLE 1ND SND,$5,"['xbox', 'playstation', 'battle.net']",3,single elimination,3v3,2,Best of 1,$27,
"February 3, 2023",11:23 PM,2v2 $50 GTD AR/SMG SND,$7,"['xbox', 'playstation', 'battle.net']",2,single elimination,2v2,3,Best of 3,$50,
"February 3, 2023",10:25 PM,2v2 CONSOLE 1ND SND,$5,"['xbox', 'playstation', 'battle.net']",2,single elimination,2v2,3,Best of 1,$24,
"February 3, 2023",10:10 PM,2v2 $10 FE 1ND SND,$0,"['xbox', 'playstation', 'battle.net']",2,single elimination,2v2,22,Best of 1,$10,
"February 3, 2023",8:53 PM,2v2 *VAZNEZ ONLY* SND,$4,"['xbox', 'playstation', 'battle.net']",2,single elimination,2v2,5,Best of 3,$28,
"February 3, 2023",8:50 AM,1v1 *SCAR ONLY* 1ND SND,$4,"['xbox', 'playstation', 'battle.net']",1,single elimination,1v1,4,Best of 1,$11,
"February 3, 2023",7:50 AM,2v2 *NO PREVIOUS WINNERS* SHIPMENT ONLY 1ND HP,$5,"['xbox', 'playstation', 'battle.net']",2,single elimination,2v2,7,Best of 1,$50,
"February 3, 2023",7:20 AM,3v3 1ND *NO SNIPES* SND,$4,"['xbox', 'playstation', 'battle.net']",3,single elimination,3v3,4,Best of 1,$33,
"February 3, 2023",6:27 AM,2v2 1ND CONSOLE SND,$5,"['xbox', 'playstation', 'battle.net']",2,single elimination,2v2,4,Best of 1,$32,
"February 3, 2023",5:28 AM,3v3 $75 GTD 1ND SND,$7,"['xbox', 'playstation', 'battle.net']",3,single elimination,3v3,4,Best of 1,$75,
"February 3, 2023",4:55 AM,VG chall $30,$30,"['xbox', 'playstation', 'battle.net']",3,single elimination,3v3,2,Best of 3,$177,
"February 3, 2023",4:33 AM,3v3 $100 GTD CONSOLE SND,$10,"['xbox', 'playstation', 'battle.net']",3,single elimination,3v3,2,Best of 3,$99,
"February 3, 2023",4:25 AM,2v2 $58 GTD 1ND SND,$6,"['xbox', 'playstation', 'battle.net']",2,single elimination,2v2,5,Best of 1,$58,
"February 2, 2023",8:25 PM,1v1 $50 GTD 1ND KILL RACE,$8,"['xbox', 'playstation', 'battle.net']",1,single elimination,1v1,6,Best of 1,$50,
"February 3, 2023",3:23 AM,3v3 1ND *NO SNIPES* SND,$4,"['xbox', 'playstation', 'battle.net']",3,single elimination,3v3,0,Best of 1,$21,
"February 2, 2023",8:20 PM,2v2 $50 GTD AW SND (PLAYSTATION),$7,"['xbox', 'playstation', 'battle.net']",2,single elimination,2v2,4,Best of 3,$50,
"February 3, 2023",2:54 AM,4v4 *DOLLAR ENTRY* 1ND HP,$1,"['xbox', 'playstation', 'battle.net']",4,single elimination,4v4,4,Best of 1,$16,
"February 3, 2023",1:45 AM,2v2 $116 GTD CONSOLE SND,$8,"['xbox', 'playstation', 'battle.net']",2,single elimination,2v2,9,Best of 3,$116,
"February 3, 2023",1:28 AM,3v3 $60 GTD SND,$5,"['xbox', 'playstation', 'battle.net']",3,single elimination,3v3,3,Best of 3,$60,
"February 3, 2023",12:27 AM,4v4 DOUBLE ELIM VARIANT,$6,"['xbox', 'playstation', 'battle.net']",4,double elimination,4v4,3,Best of 3,$52,
"February 2, 2023",11:56 PM,2v2 $100 GTD 1ND NOV/AM KILL RACE,$8,"['xbox', 'playstation', 'battle.net']",2,single elimination,2v2,9,Best of 1,$100,
"February 2, 2023",4:52 PM,3v3 CONSOLE 1ND SND,$5,"['xbox', 'playstation', 'battle.net']",3,single elimination,3v3,3,Best of 1,$51,
"February 2, 2023",11:23 PM,2v2 $50 GTD AR/SMG SND,$7,"['xbox', 'playstation', 'battle.net']",2,single elimination,2v2,3,Best of 3,$50,
"February 2, 2023",10:23 PM,2v2 CONSOLE 1ND SND,$5,"['xbox', 'playstation', 'battle.net']",2,single elimination,2v2,2,Best of 1,$18,
"February 2, 2023",10:10 PM,2v2 $10 FE 1ND SND,$0,"['xbox', 'playstation', 'battle.net']",2,single elimination,2v2,28,Best of 1,$10,
"February 2, 2023",9:55 PM,1v1 $50 GTD 1ND *NO PREVIOUS WINNERS* KILL RACE,$8,"['xbox', 'playstation', 'battle.net']",1,single elimination,1v1,4,Best of 1,$50,
"February 2, 2023",2:52 PM,3v3 1ND *HOTEL ONLY* SND,$4,"['xbox', 'playstation', 'battle.net']",3,single elimination,3v3,2,Best of 1,$24,
"February 2, 2023",1:56 PM,1v1 $20 GTD CONSOLE SND,$5,"['xbox', 'playstation', 'battle.net']",1,single elimination,1v1,3,Best of 3,$20,
"February 2, 2023",8:52 PM,2v2 SND,$4,"['xbox', 'playstation', 'battle.net']",2,single elimination,2v2,4,Best of 3,$34,
"February 2, 2023",8:50 AM,1v1 *SCAR ONLY* 1ND SND,$4,"['xbox', 'playstation', 'battle.net']",1,single elimination,1v1,2,Best of 1,$7,
"February 2, 2023",8:29 AM,1v1 CONSOLE 1ND SND,$4,"['xbox', 'playstation', 'battle.net']",1,single elimination,1v1,2,Best of 1,$9,
"February 2, 2023",8:27 AM,2v2 $40 GTD 1ND *VAZNEV ONLY* SND,$5,"['xbox', 'playstation', 'battle.net']",2,single elimination,2v2,4,Best of 1,$40,
"February 2, 2023",8:00 AM,3v3 1ND *NO PREVIOUS WINNERS* HP,$5,"['xbox', 'playstation', 'battle.net']",3,single elimination,3v3,2,Best of 1,$27,
"February 2, 2023",6:25 AM,2v2 CONSOLE 1ND SND,$5,"['xbox', 'playstation', 'battle.net']",2,single elimination,2v2,4,Best of 1,$32,
"February 2, 2023",5:30 AM,3v3 $75 GTD 1ND *NO SNIPES* SND,$7,"['xbox', 'playstation', 'battle.net']",3,single elimination,3v3,2,Best of 1,$75,
"February 2, 2023",4:32 AM,4v4 *DOLLAR ENTRY* 1ND HP,$1,"['xbox', 'playstation', 'battle.net']",4,single elimination,4v4,10,Best of 1,$28,
"February 2, 2023",3:30 AM,2v2 1ND *VAZNEV ONLY* SND,$4,"['xbox', 'playstation', 'battle.net']",2,single elimination,2v2,7,Best of 1,$40,
"February 2, 2023",3:02 AM,2v2 $100 GTD 1ND KILL RACE,$8,"['xbox', 'playstation', 'battle.net']",2,single elimination,2v2,5,Best of 1,$100,
"February 2, 2023",2:00 AM,3v3 $30 chall,$30,"['xbox', 'playstation', 'battle.net']",3,single elimination,3v3,2,Best of 3,$177,
"February 2, 2023",1:20 AM,1v1 $50 GTD NOV/AM 1ND KILL RACE,$8,"['xbox', 'playstation', 'battle.net']",1,single elimination,1v1,6,Best of 1,$50,
"February 2, 2023",12:27 AM,4v4 DOUBLE ELIM MWII SND,$6,"['xbox', 'playstation', 'battle.net']",4,double elimination,4v4,2,Best of 3,$68,
"February 1, 2023",11:50 PM,2v2 $100 GTD 1ND NOV/AM KILL RACE,$8,"['xbox', 'playstation', 'battle.net']",2,single elimination,2v2,14,Best of 1,$156,
"February 1, 2023",11:50 PM,3v3 $75 GTD CONSOLE 1ND SND,$7,"['xbox', 'playstation', 'battle.net']",3,single elimination,3v3,2,Best of 1,$60,
"February 1, 2023",11:27 PM,2v2 $50 GTD SND,$7,"['xbox', 'playstation', 'battle.net']",2,single elimination,2v2,3,Best of 3,$50,
"February 1, 2023",10:28 PM,2v2 $50 GTD CONSOLE 1ND SND,$6,"['xbox', 'playstation', 'battle.net']",2,single elimination,2v2,3,Best of 1,$50,
"February 1, 2023",10:05 PM,2v2 $10 FE 1ND SND,$0,"['xbox', 'playstation', 'battle.net']",2,single elimination,2v2,19,Best of 1,$10,
"February 1, 2023",9:56 PM,3v3 1ND *NO SNIPES* SND,$4,"['xbox', 'playstation', 'battle.net']",3,single elimination,3v3,2,Best of 1,$21,
"February 1, 2023",9:50 PM,1v1 $50 GTD 1ND KILL RACE,$8,"['xbox', 'playstation', 'battle.net']",1,single elimination,1v1,7,Best of 1,$50,
"February 1, 2023",9:10 PM,1v1 $20 GTD CONSOLE SND,$5,"['xbox', 'playstation', 'battle.net']",1,single elimination,1v1,2,Best of 3,$10,
"February 1, 2023",8:52 PM,2v2 AR/SMG SND,$4,"['xbox', 'playstation', 'battle.net']",2,single elimination,2v2,5,Best of 3,$32,
"February 1, 2023",8:50 AM,1v1 1ND *SCAR ONLY* SND,$4,"['xbox', 'playstation', 'battle.net']",1,single elimination,1v1,2,Best of 1,$9,
"February 1, 2023",8:27 AM,2v2 $40 GTD 1ND SND,$5,"['xbox', 'playstation', 'battle.net']",2,single elimination,2v2,2,Best of 1,$40,
"February 1, 2023",7:20 AM,3v3 1ND SND,$4,"['xbox', 'playstation', 'battle.net']",3,single elimination,3v3,1,Best of 1,$33,
"February 1, 2023",6:20 AM,2v2 $50 GTD 1ND *MERCADO ONLY* SND,$5,"['xbox', 'playstation', 'battle.net']",2,single elimination,2v2,2,Best of 1,$50,
"February 1, 2023",6:20 AM,2v2 CONSOLE 1ND SND,$5,"['xbox', 'playstation', 'battle.net']",2,single elimination,2v2,3,Best of 1,$28,
"February 1, 2023",5:20 AM,3v3 $90 GTD 1ND *NO SNIPES* SND,$7.5,"['xbox', 'playstation', 'battle.net']",3,single elimination,3v3,3,Best of 1,$90,
"February 1, 2023",4:33 AM,3v3 $100 GTD CONSOLE SND,$10,"['xbox', 'playstation', 'battle.net']",3,single elimination,3v3,1,Best of 3,$60,
"February 1, 2023",4:22 AM,3v3 *DOLLAR ENTRY* 1ND SND,$1,"['xbox', 'playstation', 'battle.net']",3,single elimination,3v3,6,Best of 1,$12,
"February 1, 2023",2:56 AM,2v2 $100 GTD 1ND KILL RACE,$8,"['xbox', 'playstation', 'battle.net']",2,single elimination,2v2,6,Best of 1,$100,
"February 1, 2023",2:27 AM,3v3 $60 GTD 1ND SND,$5,"['xbox', 'playstation', 'battle.net']",3,single elimination,3v3,3,Best of 1,$60,
"February 9, 2023",11:51 PM,3v3 CONSOLE 1ND SND,$5,"['xbox', 'playstation', 'battle.net']",3,single elimination,3v3,2,Best of 1,$27,
"February 9, 2023",11:25 PM,1v1 $50 GTD 1ND KILL RACE,$8,"['xbox', 'playstation', 'battle.net']",1,single elimination,1v1,4,Best of 1,$50,
"February 9, 2023",11:15 PM,2v2 $10 FE 1ND SND,$0,"['xbox', 'playstation', 'battle.net']",2,single elimination,2v2,14,Best of 1,$10,
"February 9, 2023",10:25 PM,2v2 CONSOLE 1ND SND,$5,"['xbox', 'playstation', 'battle.net']",2,single elimination,2v2,3,Best of 1,$24,
"February 9, 2023",10:23 PM,2v2 $50 GTD SND,$7,"['xbox', 'playstation', 'battle.net']",2,single elimination,2v2,3,Best of 3,$50,
"February 9, 2023",10:00 PM,2v2 $20 FE 1ND KILL RACE,$0,"['xbox', 'playstation', 'battle.net']",2,single elimination,2v2,11,Best of 1,$20,
"February 9, 2023",9:30 PM,1v1 $50 GTD NOV/AM 1ND KILL RACE,$8,"['xbox', 'playstation', 'battle.net']",1,single elimination,1v1,7,Best of 1,$50,
"February 9, 2023",9:07 PM,2v2 *VAZNEV ONLY* SND,$4,"['xbox', 'playstation', 'battle.net']",2,single elimination,2v2,5,Best of 3,$28,
"February 9, 2023",7:55 PM,2v2 1ND SND,$4,"['xbox', 'playstation', 'battle.net']",2,single elimination,2v2,3,Best of 1,$22,
"February 9, 2023",8:50 AM,1v1 *SCAR ONLY* 1ND SND,$4,"['xbox', 'playstation', 'battle.net']",1,single elimination,1v1,2,Best of 1,$7,
"February 9, 2023",8:27 AM,2v2 $40 *VAZNEV ONLY* 1ND SND,$5,"['xbox', 'playstation', 'battle.net']",2,single elimination,2v2,2,Best of 1,$40,
"February 9, 2023",6:24 AM,2v2 CONSOLE 1ND SND,$5,"['xbox', 'playstation', 'battle.net']",2,single elimination,2v2,2,Best of 1,$18,
"February 9, 2023",6:23 AM,2v2 $50 GTD 1ND SND,$6,"['xbox', 'playstation', 'battle.net']",2,single elimination,2v2,3,Best of 1,$50,
"February 9, 2023",5:23 AM,3v3 $90 GTD 1ND SND,$7.5,"['xbox', 'playstation', 'battle.net']",3,single elimination,3v3,4,Best of 1,$90,
"February 9, 2023",4:23 AM,2v2 AR/SMG SND,$4,"['xbox', 'playstation', 'battle.net']",2,single elimination,2v2,5,Best of 3,$34,
"February 9, 2023",3:30 AM,2v2 $100 GTD 1ND KILL RACE,$8,"['xbox', 'playstation', 'battle.net']",2,single elimination,2v2,4,Best of 1,$100,
"February 9, 2023",3:20 AM,4v4 *DOLLAR ENTRY* 1ND HP,$1,"['xbox', 'playstation', 'battle.net']",4,single elimination,4v4,9,Best of 1,$28,
"February 9, 2023",2:00 AM,1v1 $50 GTD 1ND KILL RACE,$8,"['xbox', 'playstation', 'battle.net']",1,single elimination,1v1,4,Best of 1,$50,
"February 9, 2023",12:55 AM,3v3 $60 GTD 1ND SND,$5,"['xbox', 'playstation', 'battle.net']",3,single elimination,3v3,6,Best of 1,$60,
"February 9, 2023",12:25 AM,4v4 *NO 2023 WINNERS* VARIANT,$6,"['xbox', 'playstation', 'battle.net']",4,single elimination,4v4,2,Best of 3,$44,
"February 8, 2023",11:50 PM,2v2 $100 GTD 1ND NOV/AM KILL RACE,$8,"['xbox', 'playstation', 'battle.net']",2,single elimination,2v2,7,Best of 1,$100,
"February 8, 2023",10:50 PM,1v1 $50 GTD NOV/AM 1ND KILL RACE,$8,"['xbox', 'playstation', 'battle.net']",1,single elimination,1v1,9,Best of 1,$56,
"February 8, 2023",10:20 PM,3v3 *NO SNIPES* SND,$4,"['xbox', 'playstation', 'battle.net']",3,single elimination,3v3,3,Best of 3,$27,
"February 8, 2023",10:20 PM,2v2 CONSOLE 1ND SND,$5,"['xbox', 'playstation', 'battle.net']",2,single elimination,2v2,4,Best of 1,$32,
"February 8, 2023",9:25 PM,2v2 $100 GTD 1ND KILL RACE,$8,"['xbox', 'playstation', 'battle.net']",2,single elimination,2v2,7,Best of 1,$100,
"February 8, 2023",9:15 PM,4v4 $50 FE HYPED ESPORTS SND,$0,"['xbox', 'playstation', 'battle.net']",4,single elimination,4v4,19,Best of 3,$48,
"February 8, 2023",8:50 PM,1v1 $20 GTD CONSOLE SND,$5,"['xbox', 'playstation', 'battle.net']",1,single elimination,1v1,3,Best of 3,$20,
"February 8, 2023",8:35 PM,2v2 $50 GTD AR/SMG SND,$7,"['xbox', 'playstation', 'battle.net']",2,single elimination,2v2,3,Best of 3,$50,
"February 8, 2023",7:02 PM,2v2 *VAZNEV ONLY* SND,$4,"['xbox', 'playstation', 'battle.net']",2,single elimination,2v2,3,Best of 3,$18,
"February 8, 2023",6:05 PM,$1200 GTD WARSZ WEDNESDAY KILL RACE,$20,"['xbox', 'playstation', 'battle.net']",2,double elimination,2v2,38,Best of 3,$1000,
"February 8, 2023",8:50 AM,1v1 1ND *VAZNEV ONLY* SND,$4,"['xbox', 'playstation', 'battle.net']",1,single elimination,1v1,2,Best of 1,$7,
"February 8, 2023",8:20 AM,1v1 CONSOLE 1ND SND,$4,"['xbox', 'playstation', 'battle.net']",1,single elimination,1v1,2,Best of 1,$7,
"February 8, 2023",8:20 AM,2v2 $40 GTD 1ND AR/SMG SND,$5,"['xbox', 'playstation', 'battle.net']",2,single elimination,2v2,7,Best of 1,$50,
"February 8, 2023",7:20 AM,3v3 $45 GTD 1ND *NO SNIPES* SND,$4,"['xbox', 'playstation', 'battle.net']",3,single elimination,3v3,3,Best of 1,$45,
"February 8, 2023",6:20 AM,2v2 $50 GTD 1ND *VAZNEV ONLY* SND,$6,"['xbox', 'playstation', 'battle.net']",2,single elimination,2v2,6,Best of 1,$50,
"February 8, 2023",3:25 AM,2v2 $100 GTD 1ND KILL RACE,$8,"['xbox', 'playstation', 'battle.net']",2,single elimination,2v2,6,Best of 1,$100,
"February 8, 2023",3:22 AM,2v2 1ND SND,$4,"['xbox', 'playstation', 'battle.net']",2,single elimination,2v2,3,Best of 1,$16,
"February 8, 2023",2:53 AM,4v4 VARIANT,$5,"['xbox', 'playstation', 'battle.net']",4,single elimination,4v4,5,Best of 3,$84,
"February 8, 2023",2:00 AM,2v2 $250 PRESTIGE SND,$0,"['xbox', 'playstation', 'battle.net']",2,single elimination,2v2,24,Best of 3,$200,
"February 8, 2023",1:52 AM,1v1 $50 GTD 1ND KILL RACE,$8,"['xbox', 'playstation', 'battle.net']",1,single elimination,1v1,4,Best of 1,$50,
"February 8, 2023",1:27 AM,3v3 $60 GTD 1ND *NO SNIPES* SND,$5,"['xbox', 'playstation', 'battle.net']",3,single elimination,3v3,5,Best of 1,$60,
"February 8, 2023",12:22 AM,4v4 *DOLLAR ENTRY* 1ND HP,$1,"['xbox', 'playstation', 'battle.net']",4,single elimination,4v4,12,Best of 1,$32,
"February 7, 2023",11:52 PM,2v2 $100 GTD 1ND NOV/AM KILL RACE,$8,"['xbox', 'playstation', 'battle.net']",2,single elimination,2v2,6,Best of 1,$100,
"February 7, 2023",10:45 PM,2v2 $20 FE 1ND KILL RACE,$0,"['xbox', 'playstation', 'battle.net']",2,single elimination,2v2,12,Best of 1,$20,
"February 7, 2023",10:10 PM,2v2 $10 FE 1ND SND,$0,"['xbox', 'playstation', 'battle.net']",2,single elimination,2v2,25,Best of 1,$10,
"February 7, 2023",9:45 PM,1v1 $73 GTD 1ND *NO PREVIOUS WINNERS* KILL RACE,$8,"['xbox', 'playstation', 'battle.net']",1,single elimination,1v1,12,Best of 1,$73,
"February 7, 2023",8:50 AM,1v1 *SCAR ONLY* 1ND SND,$4,"['xbox', 'playstation', 'battle.net']",1,single elimination,1v1,3,Best of 1,$9,
"February 7, 2023",8:28 AM,2v2 $40 GTD 1ND AR/SMG SND,$5,"['xbox', 'playstation', 'battle.net']",2,single elimination,2v2,4,Best of 1,$40,
"February 7, 2023",5:25 AM,3v3 $90 GTD 1ND SND,$7.5,"['xbox', 'playstation', 'battle.net']",3,single elimination,3v3,6,Best of 1,$90,
"February 7, 2023",4:32 AM,2v2 $50 GTD 1ND SND,$6,"['xbox', 'playstation', 'battle.net']",2,single elimination,2v2,3,Best of 1,$50,
"February 7, 2023",3:25 AM,3v3 1ND SND,$4,"['xbox', 'playstation', 'battle.net']",3,single elimination,3v3,4,Best of 1,$33,
"February 7, 2023",3:22 AM,2v2 $100 GTD 1ND KILL RACE,$8,"['xbox', 'playstation', 'battle.net']",2,single elimination,2v2,8,Best of 1,$100,
"February 7, 2023",2:55 AM,4v4 *NO 2023 WINNERS* VARIANT,$6,"['xbox', 'playstation', 'battle.net']",4,single elimination,4v4,8,Best of 3,$152,
"February 7, 2023",2:22 AM,2v2 1ND SND,$4,"['xbox', 'playstation', 'battle.net']",2,single elimination,2v2,5,Best of 1,$28,
"February 7, 2023",1:52 AM,1v1 $50 GTD 1ND KILL RACE,$8,"['xbox', 'playstation', 'battle.net']",1,single elimination,1v1,9,Best of 1,$50,
"February 7, 2023",1:22 AM,3v3 $72 GTD 1ND SND,$5,"['xbox', 'playstation', 'battle.net']",3,single elimination,3v3,5,Best of 1,$72,
"February 7, 2023",12:20 AM,4v4 HP,$5,"['xbox', 'playstation', 'battle.net']",4,single elimination,4v4,5,Best of 3,$72,
"February 6, 2023",11:56 PM,2v2 $146 GTD 1ND NOV/AM KILL RACE,$8,"['xbox', 'playstation', 'battle.net']",2,single elimination,2v2,12,Best of 1,$146,
"February 6, 2023",11:23 PM,2v2 $50 GTD AR/SMG SND,$7,"['xbox', 'playstation', 'battle.net']",2,single elimination,2v2,4,Best of 3,$50,
"February 6, 2023",10:15 PM,2v2 $10 FE 1ND SND,$0,"['xbox', 'playstation', 'battle.net']",2,single elimination,2v2,27,Best of 1,$10,
"February 6, 2023",9:56 PM,1v1 $50 GTD 1ND *NO PREVIOUS WINNERS* KILL RACE,$8,"['xbox', 'playstation', 'battle.net']",1,single elimination,1v1,6,Best of 1,$50,
"February 6, 2023",9:55 PM,3v3 *NO SNIPES* SND,$4,"['xbox', 'playstation', 'battle.net']",3,single elimination,3v3,4,Best of 3,$42,
"February 6, 2023",8:56 PM,1v1 $10 GTD CONSOLE SND,$5,"['xbox', 'playstation', 'battle.net']",1,single elimination,1v1,2,Best of 3,$10,
"February 6, 2023",8:52 PM,2v2 *VAZNEZ ONLY* SND,$4,"['xbox', 'playstation', 'battle.net']",2,single elimination,2v2,2,Best of 3,$14,
"February 6, 2023",8:54 AM,1v1 *SCAR ONLY* 1ND SND,$4,"['xbox', 'playstation', 'battle.net']",1,single elimination,1v1,3,Best of 1,$9,
"February 6, 2023",8:28 AM,2v2 $40 GTD 1ND SND,$5,"['xbox', 'playstation', 'battle.net']",2,single elimination,2v2,5,Best of 1,$40,
"February 6, 2023",6:30 AM,2v2 $50 GTD 1ND *FORTRESS ONLY* SND,$5,"['xbox', 'playstation', 'battle.net']",2,single elimination,2v2,3,Best of 1,$50,
"February 6, 2023",5:20 AM,3v3 $75 GTD 1ND SND,$7,"['xbox', 'playstation', 'battle.net']",3,single elimination,3v3,3,Best of 1,$75,
"February 6, 2023",4:25 AM,2v2 1ND *VAZNEZ ONLY* SND,$4,"['xbox', 'playstation', 'battle.net']",2,single elimination,2v2,6,Best of 1,$38,
"February 6, 2023",3:26 AM,3v3 1ND SND,$4,"['xbox', 'playstation', 'battle.net']",3,single elimination,3v3,2,Best of 1,$24,
"February 6, 2023",2:52 AM,4v4 *NO 2023 WINNERS* VARIANT,$6,"['xbox', 'playstation', 'battle.net']",4,single elimination,4v4,11,Best of 3,$220,
"February 6, 2023",2:26 AM,2v2 $100 GTD 1ND KILL RACE,$8,"['xbox', 'playstation', 'battle.net']",2,single elimination,2v2,7,Best of 1,$100,
"February 6, 2023",2:00 AM,2v2 $60 GTD CONSOLE SND,$8,"['xbox', 'playstation', 'battle.net']",2,single elimination,2v2,3,Best of 3,$60,
"February 6, 2023",1:22 AM,3v3 *DOLLAR ENTRY* 1ND SND,$1,"['xbox', 'playstation', 'battle.net']",3,single elimination,3v3,3,Best of 1,$12,
"February 5, 2023",11:30 PM,2v2 $100 GTD 1ND NOV/AM KILL RACE,$8,"['xbox', 'playstation', 'battle.net']",2,single elimination,2v2,6,Best of 1,$100,
"February 5, 2023",10:56 PM,4v4 DOUBLE ELIM VARIANT,$5,"['xbox', 'playstation', 'battle.net']",4,double elimination,4v4,2,Best of 3,$44,
"February 5, 2023",9:56 PM,1v1 $50 GTD 1ND KILL RACE,$8,"['xbox', 'playstation', 'battle.net']",1,single elimination,1v1,5,Best of 1,$50,
"February 5, 2023",8:30 PM,1v1 $20 GTD CONSOLE SND,$5,"['xbox', 'playstation', 'battle.net']",1,single elimination,1v1,4,Best of 3,$20,
"February 5, 2023",8:10 PM,3v3 $15 FE 1ND SND,$0,"['xbox', 'playstation', 'battle.net']",3,single elimination,3v3,10,Best of 1,$15,
"February 5, 2023",7:55 PM,2v2 AR/SMG SND,$4,"['xbox', 'playstation', 'battle.net']",2,single elimination,2v2,8,Best of 3,$44,
"February 5, 2023",8:50 AM,1v1 *SCAR ONLY* 1ND SND,$4,"['xbox', 'playstation', 'battle.net']",1,single elimination,1v1,5,Best of 1,$14,
"February 5, 2023",8:33 AM,2v2 $40 GTD 1ND SND,$5,"['xbox', 'playstation', 'battle.net']",2,single elimination,2v2,3,Best of 1,$40,
"February 5, 2023",7:20 AM,3v3 1ND SND *NO SNIPES* SND,$4,"['xbox', 'playstation', 'battle.net']",3,single elimination,3v3,3,Best of 1,$33,
"February 5, 2023",4:30 AM,2v2 $50 GTD 1ND *VAZNEZ ONLY* SND,$7,"['xbox', 'playstation', 'battle.net']",2,single elimination,2v2,3,Best of 1,$50,
"February 5, 2023",3:00 AM,2v2 $150 GTD 1ND NOV/AM KILL RACE,$8,"['xbox', 'playstation', 'battle.net']",2,single elimination,2v2,5,Best of 1,$150,
"February 5, 2023",2:53 AM,4v4 *NO ABEZYS* *DOLLAR ENTRY* 1ND HP,$1,"['xbox', 'playstation', 'battle.net']",4,single elimination,4v4,9,Best of 1,$28,
"March 4, 2023",9:15 PM,3v3 *DOLLAR ENTRY* 1ND SND,$1,"['xbox', 'playstation', 'battle.net']",3,single elimination,3v3,4,Best of 1,$9,
"March 4, 2023",7:30 PM,3v3 $15 FE 1ND SND,$0,"['xbox', 'playstation', 'battle.net']",3,single elimination,3v3,11,Best of 1,$15,
"March 4, 2023",8:00 AM,3v3 $306 switcheroo,$0,"['xbox', 'playstation', 'battle.net']",3,single elimination,3v3,2,Best of 1,$306,
"March 4, 2023",7:20 AM,1v1 CONSOLE 1ND SND,$4,"['xbox', 'playstation', 'battle.net']",1,single elimination,1v1,2,Best of 1,$7,
"March 4, 2023",6:20 AM,2v2 $50 GTD 1ND *FORTRESS ONLY* SND,$7.5,"['xbox', 'playstation', 'battle.net']",2,single elimination,2v2,4,Best of 1,$50,
"March 4, 2023",5:00 AM,2v2 $50 GTD 1ND SND,$7.5,"['xbox', 'playstation', 'battle.net']",2,single elimination,2v2,4,Best of 1,$50,
"March 3, 2023",11:16 PM,2v2 $10 FE 1ND SND,$0,"['xbox', 'playstation', 'battle.net']",2,single elimination,2v2,8,Best of 1,$10,
"March 3, 2023",9:56 PM,1v1 $50 GTD 1ND KILL RACE,$8,"['xbox', 'playstation', 'battle.net']",1,single elimination,1v1,3,Best of 1,$50,
"March 3, 2023",8:00 AM,$159 bo3 switch,$0,"['xbox', 'playstation', 'battle.net']",3,single elimination,3v3,2,Best of 1,$159,
"March 3, 2023",7:20 AM,1v1 CONSOLE 1ND SND,$4,"['xbox', 'playstation', 'battle.net']",1,single elimination,1v1,3,Best of 1,$9,
"March 3, 2023",4:58 AM,2v2 $50 GTD 1ND AR/SMG SND,$7.5,"['xbox', 'playstation', 'battle.net']",2,single elimination,2v2,1,Best of 1,$30,
"March 3, 2023",3:51 AM,3v3 $78 GTD 1ND SND,$7.5,"['xbox', 'playstation', 'battle.net']",3,single elimination,3v3,5,Best of 1,$78,
"March 3, 2023",2:53 AM,1v1 $50 GTD NOV/AM 1ND KILL RACE,$8,"['xbox', 'playstation', 'battle.net']",1,single elimination,1v1,6,Best of 1,$50,
"March 3, 2023",1:55 AM,4v4 DOUBLE ELIM MWII SND *CDL + GAs*,$6,"['xbox', 'playstation', 'battle.net']",4,double elimination,4v4,4,Best of 3,$68,
"March 3, 2023",12:26 AM,2v2 $40 GTD SND,$5,"['xbox', 'playstation', 'battle.net']",2,single elimination,2v2,4,Best of 3,$40,
"March 2, 2023",10:20 PM,2v2 $50 GTD 1ND AR/SMG SND,$7.5,"['xbox', 'playstation', 'battle.net']",2,single elimination,2v2,3,Best of 1,$50,
"March 2, 2023",9:25 PM,3v3 $15 FE 1ND SND,$0,"['xbox', 'playstation', 'battle.net']",3,single elimination,3v3,7,Best of 1,$15,
"March 2, 2023",5:58 AM,3v3 $50 GTD 1ND *NO SNIPES* SND,$5,"['xbox', 'playstation', 'battle.net']",3,single elimination,3v3,4,Best of 1,$48,
"March 2, 2023",4:26 AM,2v2 $60 GTD 1ND AR/SMG SND,$7.5,"['xbox', 'playstation', 'battle.net']",2,single elimination,2v2,3,Best of 1,$60,
"March 2, 2023",2:58 AM,2v2 $75 GTD NOV/AM SND,$7.5,"['xbox', 'playstation', 'battle.net']",2,single elimination,2v2,3,Best of 3,$74,
"March 2, 2023",1:58 AM,2v2 $60 GTD CONSOLE NOV/AM SND,$8,"['xbox', 'playstation', 'battle.net']",2,single elimination,2v2,3,Best of 3,$60,
"March 2, 2023",12:27 AM,2v2 $100 GTD 1ND KILL RACE,$8,"['xbox', 'playstation', 'battle.net']",2,single elimination,2v2,6,Best of 1,$100,
"March 1, 2023",11:00 PM,1v1 $50 GTD 1ND NOV/AM KILL RACE,$8,"['xbox', 'playstation', 'battle.net']",1,single elimination,1v1,5,Best of 1,$50,
"March 1, 2023",10:30 PM,3v3 1ND *DOLLAR ENTRY* SND,$1,"['xbox', 'playstation', 'battle.net']",3,single elimination,3v3,3,Best of 1,$9,
"March 1, 2023",8:00 AM,4v4 $200 switch,$0,"['xbox', 'playstation', 'battle.net']",4,single elimination,4v4,2,Best of 1,$200,
"March 1, 2023",7:20 AM,1v1 CONSOLE 1ND SND,$4,"['xbox', 'playstation', 'battle.net']",1,single elimination,1v1,3,Best of 1,$9,
"March 1, 2023",4:55 AM,3v3 $50 GTD 1ND SND,$5,"['xbox', 'playstation', 'battle.net']",3,single elimination,3v3,3,Best of 1,$51,
"March 1, 2023",1:25 AM,4v4 VARIANT,$5,"['xbox', 'playstation', 'battle.net']",4,single elimination,4v4,3,Best of 3,$56,
